Series Name,Series Code,Country Name,Country Code,1990 [YR1990],2000 [YR2000],2012 [YR2012],2013 [YR2013],2014 [YR2014],2015 [YR2015],2016 [YR2016],2017 [YR2017],2018 [YR2018],2019 [YR2019],2020 [YR2020],2021 [YR2021]
Adjusted net national income per capita (current US$),NY.ADJ.NNTY.PC.CD,Afghanistan,AFG,..,..,585.019057886336,573.295131838047,564.265697643964,516.946743414225,478.760608051973,486.002481092258,452.492071838524,463.963848988363,475.745935332821,..
Adjusted net national income per capita (current US$),NY.ADJ.NNTY.PC.CD,Albania,ALB,471.924594300027,1037.54353717206,3502.96390050893,3761.53849342266,3845.4828901971,3267.25802694689,3443.20314203152,3713.29725831986,4319.04258199203,4337.48126877283,4207.41202227462,..
Adjusted net national income per capita (current US$),NY.ADJ.NNTY.PC.CD,Algeria,DZA,1864.98849794354,1280.19120270903,4111.39565725876,4082.3138145683,4123.4530499782,3304.97215818961,3274.85627006004,3341.45349216198,3241.89292920419,3151.92506436361,2734.25651471962,..
Adjusted net national income per capita (current US$),NY.ADJ.NNTY.PC.CD,American Samoa,ASM,..,..,..,..,..,..,..,..,..,..,..,..
Adjusted net national income per capita (current US$),NY.ADJ.NNTY.PC.CD,Andorra,AND,..,..,..,..,..,..,..,..,..,..,..,..
Adjusted net national income per capita (current US$),NY.ADJ.NNTY.PC.CD,Angola,AGO,552.817957890464,208.228159510089,2844.52020626953,3174.61098426932,3608.5227204609,3226.8962049721,2717.86595896983,2975.50683643825,2082.77973489398,1766.83336109427,1122.73167126855,..
Adjusted net national income per capita (current US$),NY.ADJ.NNTY.PC.CD,Antigua and Barbuda,ATG,..,..,..,..,..,..,..,..,..,..,..,..
Adjusted net national income per capita (current US$),NY.ADJ.NNTY.PC.CD,Argentina,ARG,3694.20584200792,6446.83667800391,10830.6871033426,10849.9562885851,10232.1330224165,11708.2536882274,10798.2570828491,12494.0937991538,9812.44828855484,8271.26509544822,7188.7014064886,..
Adjusted net national income per capita (current US$),NY.ADJ.NNTY.PC.CD,Armenia,ARM,..,541.764928751233,3326.00731076724,3554.67451778079,3646.47337610901,3235.96276814106,3167.75692770151,3514.68305539039,3709.67506973003,4026.73944324833,3519.80302601819,..
Adjusted net national income per capita (current US$),NY.ADJ.NNTY.PC.CD,Aruba,ABW,10989.1877976574,18246.6489115841,21069.5656413006,22110.2117966365,23126.7345050879,24171.2111482763,24116.7214990702,24582.150890747,25017.4782230788,..,..,..
Adjusted net national income per capita (current US$),NY.ADJ.NNTY.PC.CD,Australia,AUS,14145.8297929693,17062.6011590873,53401.4502408674,53830.5541274004,48646.0757738879,44255.97166946,39055.9973629761,41988.695163699,43950.4347970883,42458.8357251088,39193.1473720333,..
Adjusted net national income per capita (current US$),NY.ADJ.NNTY.PC.CD,Austria,AUT,18364.516108025,20320.621461522,40000.0427046719,41651.8127795828,42462.5419301513,35787.4316807747,37210.9824935548,38317.4164308628,41592.5712975514,40687.3034892206,38847.7383977147,..
Adjusted net national income per capita (current US$),NY.ADJ.NNTY.PC.CD,Azerbaijan,AZE,..,391.620903014189,5190.52508104749,5592.13261488694,6039.80313115392,4460.40822891429,3018.09463023063,3197.67551011855,3373.31715187402,3612.22842571384,3483.5607340881,..
Adjusted net national income per capita (current US$),NY.ADJ.NNTY.PC.CD,"Bahamas, The",BHS,10959.0324204709,24838.5310942978,26734.0702621974,25735.2340383809,26579.4266441821,27525.3874933191,27545.2936180121,28552.7925416962,28783.6944260765,30039.5906399717,22405.7083570673,..
Adjusted net national income per capita (current US$),NY.ADJ.NNTY.PC.CD,Bahrain,BHR,4881.76687294703,9334.79785137148,16308.4199141192,16722.0646845051,17072.4204440925,17283.1928785373,17997.0023699092,18506.408973567,17987.3075746763,17700.8513469708,15426.8113868086,..
Adjusted net national income per capita (current US$),NY.ADJ.NNTY.PC.CD,Bangladesh,BGD,287.287368213826,398.017005799455,878.774582684222,972.104126845174,1089.19782715712,1219.15094526725,1359.05729810256,1490.43036308243,1629.10741650811,1916.02166583818,2032.31072885858,..
Adjusted net national income per capita (current US$),NY.ADJ.NNTY.PC.CD,Barbados,BRB,6852.33374084535,9863.3204547882,13873.9081699554,14041.8017967316,14071.7984727464,14075.0787692717,14359.7925807738,14802.8326968965,15095.5902874686,15643.454660112,13004.095750789,..
Adjusted net national income per capita (current US$),NY.ADJ.NNTY.PC.CD,Belarus,BLR,..,1091.22500779089,5794.53268798146,6562.38645943631,6920.66425253069,4890.56424448974,4111.14604241735,4752.09348483226,5205.11909106945,5629.65630327233,5148.21397806727,..
Adjusted net national income per capita (current US$),NY.ADJ.NNTY.PC.CD,Belgium,BEL,17597.4044931973,19773.1983904402,36994.914527252,38720.6954634776,39494.8477824673,33820.5935039625,34479.3442517629,36236.8593034048,39065.186880188,38280.1606408924,36494.3871147527,..
Adjusted net national income per capita (current US$),NY.ADJ.NNTY.PC.CD,Belize,BLZ,1999.42416584024,2651.73264324128,3224.84253005169,3352.54999175602,3483.64019175586,3740.37891423727,3770.36854063122,3797.485197259,3769.53619563997,3832.4482324882,3219.14587006219,..
Adjusted net national income per capita (current US$),NY.ADJ.NNTY.PC.CD,Benin,BEN,320.579195816241,409.266254060256,992.881879741242,1102.49351447945,1144.18044260244,958.778028892313,968.536632207734,1003.11475632812,1095.33841211629,1073.62408971803,1133.36431525741,..
Adjusted net national income per capita (current US$),NY.ADJ.NNTY.PC.CD,Bermuda,BMU,..,..,..,..,..,..,..,..,..,..,..,..
Adjusted net national income per capita (current US$),NY.ADJ.NNTY.PC.CD,Bhutan,BTN,442.727123724334,636.871546190107,2048.22814724437,2031.72189486578,2176.47377870616,2232.49551783592,2330.64478910176,2640.95723634354,2637.8718869135,2689.05272482813,2483.11327454731,..
Adjusted net national income per capita (current US$),NY.ADJ.NNTY.PC.CD,Bolivia,BOL,601.03376058783,862.409972595319,2024.53786141157,2263.24713359181,2463.91987235438,2577.80044622995,2650.51412178333,2802.68131815901,2960.41447564286,3012.22033818514,2528.90659313876,..
Adjusted net national income per capita (current US$),NY.ADJ.NNTY.PC.CD,Bosnia and Herzegovina,BIH,..,1487.80009255764,3988.93528160552,4321.68707824032,4413.99543839274,3922.01231599347,4155.02280832883,4487.49736687738,5054.25958256028,5128.75197137351,5059.71839314317,..
Adjusted net national income per capita (current US$),NY.ADJ.NNTY.PC.CD,Botswana,BWA,2483.76537587546,2866.73486140667,5368.82872749934,5289.5661731516,5903.42230919091,5139.77354817901,5490.93139808095,5763.97366802777,5860.51789942357,5560.61263105531,5005.04969967576,..
Adjusted net national income per capita (current US$),NY.ADJ.NNTY.PC.CD,Brazil,BRA,2230.82419860376,3211.84799578654,10492.3900516446,10619.9935311058,10406.1996408983,7644.08741649256,7557.12507482427,8574.1577435723,7762.47328248356,7595.37386105106,5758.39011671321,..
Adjusted net national income per capita (current US$),NY.ADJ.NNTY.PC.CD,British Virgin Islands,VGB,..,..,..,..,..,..,..,..,..,..,..,..
Adjusted net national income per capita (current US$),NY.ADJ.NNTY.PC.CD,Brunei Darussalam,BRN,9446.72495496958,12540.2952282046,33584.2124126247,33604.1778969076,32383.388078423,26342.8083892084,24273.9839586842,24382.7167764871,23568.6311077956,24463.6460987408,22332.2963406578,..
Adjusted net national income per capita (current US$),NY.ADJ.NNTY.PC.CD,Bulgaria,BGR,1830.63442838383,1373.28810213543,6242.90982834667,6421.09588079473,6643.19101299042,5820.57012888425,6237.5295005964,6971.50501551241,7755.11929688057,8186.92039477843,8419.36453843841,..
Adjusted net national income per capita (current US$),NY.ADJ.NNTY.PC.CD,Burkina Faso,BFA,324.366053333361,239.318722141401,651.731082238083,680.615137852973,677.810778089812,563.20558063845,595.827065350591,635.640597552179,700.201190129381,693.850413625884,631.958298597952,..
Adjusted net national income per capita (current US$),NY.ADJ.NNTY.PC.CD,Burundi,BDI,144.329089445241,95.8320053815166,173.047954183824,179.973338370211,192.801906402496,219.192179868689,179.538485976643,172.716197731414,175.027620987172,165.733249949244,173.579851483263,..
Adjusted net national income per capita (current US$),NY.ADJ.NNTY.PC.CD,Cabo Verde,CPV,800.111258074348,1072.21762911686,2871.89677797328,3044.51479266815,2979.10765692411,2557.45702633685,2637.7226343337,2768.37724349255,3084.05852538969,3076.72165488348,2588.18535651849,..
Adjusted net national income per capita (current US$),NY.ADJ.NNTY.PC.CD,Cambodia,KHM,..,269.924718070172,822.031583062334,884.447499821979,936.200489888184,984.445059364679,1070.00442082443,1161.81648883691,1257.24662988056,1379.91338632443,1320.05731692459,..
Adjusted net national income per capita (current US$),NY.ADJ.NNTY.PC.CD,Cameroon,CMR,801.012827919932,528.363387156741,1077.48253721957,1193.0806756261,1275.46898394942,1113.81153776555,1145.58936184236,1182.52532863417,1278.54006587257,1239.74030841323,1269.12425980936,..
Adjusted net national income per capita (current US$),NY.ADJ.NNTY.PC.CD,Canada,CAN,17063.2207314846,19236.9547669226,43094.7293014373,43069.3492913966,41707.3075407405,35263.2340200412,34340.0059934388,36967.8827631596,37636.499083612,37844.5066823612,34808.026373337,..
Adjusted net national income per capita (current US$),NY.ADJ.NNTY.PC.CD,Cayman Islands,CYM,..,..,..,..,..,..,..,..,..,..,..,..
Adjusted net national income per capita (current US$),NY.ADJ.NNTY.PC.CD,Central African Republic,CAF,446.781675538169,225.715652118258,501.080715921045,315.426562153983,344.968864319938,310.248597260153,331.887441233775,387.508939794253,411.454287321529,404.410455327397,400.019545468474,..
Adjusted net national income per capita (current US$),NY.ADJ.NNTY.PC.CD,Chad,TCD,254.894562528822,139.905266541673,690.353849759104,696.573251420736,732.605450906579,594.360232190967,524.116141170188,453.02712082852,514.158183562741,510.883569590595,457.084162234681,..
Adjusted net national income per capita (current US$),NY.ADJ.NNTY.PC.CD,Channel Islands,CHI,..,..,..,..,..,..,..,..,..,..,..,..
Adjusted net national income per capita (current US$),NY.ADJ.NNTY.PC.CD,Chile,CHL,1863.70725422813,4084.77188957363,11971.0173795839,12395.0638052698,11802.4869574354,11235.7949834151,11065.9126395898,11759.3332263155,12152.1695093097,11460.5107050509,10211.2296428649,..
Adjusted net national income per capita (current US$),NY.ADJ.NNTY.PC.CD,China,CHN,271.409505939561,800.700117610255,4799.91729373278,5273.46615416214,5800.15453471929,6039.7431623498,6145.74251147508,6714.58192327113,7378.31132909407,7551.08347037283,7540.2168521012,..
Adjusted net national income per capita (current US$),NY.ADJ.NNTY.PC.CD,Colombia,COL,1142.81160474282,2008.32879867545,6276.62451554475,6473.74588486987,6512.98575238058,5170.38197296347,4973.52903519681,5305.68038614067,5519.41545503986,5298.03239976255,4447.4680326689,..
Adjusted net national income per capita (current US$),NY.ADJ.NNTY.PC.CD,Comoros,COM,965.019266371557,592.413129335236,1264.46229614638,1358.03784434756,1362.93604076957,1118.16421951674,1148.82283367082,1200.03931735247,1297.57473670046,1253.97965191781,1275.30632075851,..
Adjusted net national income per capita (current US$),NY.ADJ.NNTY.PC.CD,"Congo, Dem. Rep.",COD,..,313.124723627627,280.350478375713,307.039899379479,310.841726997594,334.450213426453,341.417654948087,336.860147693887,430.960179279435,480.582175703701,377.952985194381,..
Adjusted net national income per capita (current US$),NY.ADJ.NNTY.PC.CD,"Congo, Rep.",COG,322.267199606236,61.6802348261506,1634.74012332499,2124.48977958392,2309.49563697431,1631.352612069,1299.13776280888,954.859225769616,898.679210420789,639.717022791917,712.021474089232,..
Adjusted net national income per capita (current US$),NY.ADJ.NNTY.PC.CD,Costa Rica,CRI,1642.925195452,3391.91024359417,9204.34564568325,9778.34555116909,9834.44516504393,10542.9158144769,10883.1074251695,10929.3922874046,11139.2409114375,11247.0161331384,10700.5850281325,..
Adjusted net national income per capita (current US$),NY.ADJ.NNTY.PC.CD,Cote d'Ivoire,CIV,708.519076052215,539.482432332239,1130.5419528525,1279.00361407938,1467.25897478558,1865.13923875797,1878.45840983941,1951.10174025753,2134.48951315848,2124.31261202415,2140.77683245019,..
Adjusted net national income per capita (current US$),NY.ADJ.NNTY.PC.CD,Croatia,HRV,..,3988.09212089962,10694.6408226906,11304.8674374467,11237.760384901,9972.39511619077,10207.5796729023,11310.3768646666,12674.1658131195,12779.0324489029,12132.8761166891,..
Adjusted net national income per capita (current US$),NY.ADJ.NNTY.PC.CD,Cuba,CUB,2378.0346600439,2365.54012012666,5586.6904406743,5910.80769339172,6173.2167473887,6712.71496118643,7018.90092269081,7415.83111059765,7631.75919590381,..,..,..
Adjusted net national income per capita (current US$),NY.ADJ.NNTY.PC.CD,Curacao,CUW,..,..,..,..,..,..,..,..,..,..,..,..
Adjusted net national income per capita (current US$),NY.ADJ.NNTY.PC.CD,Cyprus,CYP,8251.451171875,11346.8857421875,25082.615234375,23632.763671875,22662.650390625,20102.3046875,20538.751953125,22640.5703125,24779.671875,24377.744140625,22555.927734375,..
Adjusted net national income per capita (current US$),NY.ADJ.NNTY.PC.CD,Czech Republic,CZE,..,4584.07715291461,14290.0839471077,14485.0732413999,14289.3151171168,12895.8125495031,13486.2315513084,15281.6034224751,17422.5074713582,17457.1092039165,17171.6618410901,..
Adjusted net national income per capita (current US$),NY.ADJ.NNTY.PC.CD,Denmark,DNK,21688.6448176102,24608.5111738372,48805.5952780363,51790.4758241061,53761.2020962262,45781.7855705735,46822.5439550559,49141.54082061,52851.0938553958,51406.6574459164,52663.1322405376,..
Adjusted net national income per capita (current US$),NY.ADJ.NNTY.PC.CD,Djibouti,DJI,..,760.475879243621,1282.05718919616,1787.62272216788,2071.86546894594,2282.28070520942,2315.10132738934,2334.49846414575,2645.67645160248,2921.2465217753,2957.48389173301,..
Adjusted net national income per capita (current US$),NY.ADJ.NNTY.PC.CD,Dominica,DMA,2662.52023515379,3977.0279971285,5502.15632663416,5544.99500133767,6687.20372480342,6139.79627678258,6725.84739226163,6064.93143017072,6549.29774104376,7098.0949197861,6111.87509549805,..
Adjusted net national income per capita (current US$),NY.ADJ.NNTY.PC.CD,Dominican Republic,DOM,900.821210820901,2664.28466789757,5596.66399353292,5617.90708130968,5937.91631079503,6306.3654511546,6597.58882172257,6825.76261203748,7216.42412587311,7424.3709142331,6356.06657286053,..
Adjusted net national income per capita (current US$),NY.ADJ.NNTY.PC.CD,Ecuador,ECU,1103.51638575219,1001.48859056095,4477.80513747521,4842.28112313165,5072.14469159404,4955.58172817678,4845.63931270631,4906.65792253676,4830.73435766598,4720.36486043209,4184.08144618904,..
Adjusted net national income per capita (current US$),NY.ADJ.NNTY.PC.CD,"Egypt, Arab Rep.",EGY,591.258726944962,1271.94558321872,2757.39207870567,2792.83945374277,2927.2985553013,3221.46028232086,3183.79380976251,2150.50217958684,2195.6115769874,2613.85625121454,3173.90819194988,..
Adjusted net national income per capita (current US$),NY.ADJ.NNTY.PC.CD,El Salvador,SLV,835.8516407929,1835.95932696211,2927.25686534715,2941.23467382138,2995.96957899479,3078.20198222295,3127.68588845709,3174.64094310004,3250.40415902217,3377.98575977563,3035.67527432468,..
Adjusted net national income per capita (current US$),NY.ADJ.NNTY.PC.CD,Equatorial Guinea,GNQ,207.942736910408,..,4585.95934215873,5595.44115078613,6176.75022031181,5463.91973129666,4834.67071983515,4138.64254426279,4181.16284151002,3477.18480038821,3185.35123326336,..
Adjusted net national income per capita (current US$),NY.ADJ.NNTY.PC.CD,Eritrea,ERI,..,262.649007835848,..,..,..,..,..,..,..,..,..,..
Adjusted net national income per capita (current US$),NY.ADJ.NNTY.PC.CD,Estonia,EST,..,3405.90629104822,13888.3008642953,15447.6831130875,16446.7553412017,14200.9279257295,15040.3939838424,16676.9901562491,19085.0521605141,19444.4758470217,19406.0981783089,..
Adjusted net national income per capita (current US$),NY.ADJ.NNTY.PC.CD,Eswatini,SWZ,1226.86257558458,1515.76635714797,3594.97259759934,3457.72112439423,3298.5638644703,2989.0275515879,2697.50106374002,3052.96548388703,3235.13518746359,2941.29687065871,2530.67669743243,..
Adjusted net national income per capita (current US$),NY.ADJ.NNTY.PC.CD,Ethiopia,ETH,215.29463080667,93.318502436149,344.128529924548,371.019612952214,433.358672225728,491.097114424626,562.04686057737,612.876366098225,649.854734852768,730.736351065087,807.473093457778,..
Adjusted net national income per capita (current US$),NY.ADJ.NNTY.PC.CD,Faroe Islands,FRO,..,..,..,..,..,..,..,..,..,..,..,..
Adjusted net national income per capita (current US$),NY.ADJ.NNTY.PC.CD,Fiji,FJI,1557.83550080637,1849.54334774744,3828.61403478351,4178.59478143535,4598.0885155122,4328.64550235313,4602.21502373895,4807.0567319308,5065.13939037227,4844.06514936148,4029.25336105769,..
Adjusted net national income per capita (current US$),NY.ADJ.NNTY.PC.CD,Finland,FIN,22320.5735725612,20014.6477856671,38825.4757921681,40393.6626259521,41087.5230156045,35148.9935908748,35812.4019731032,37725.4768968671,40902.7245819754,39680.4842649041,39930.967170343,..
Adjusted net national income per capita (current US$),NY.ADJ.NNTY.PC.CD,France,FRA,18407.9474527281,19224.2971475477,34374.14550093,35803.7436654988,36132.1869215749,30879.840125676,31128.1812042017,32622.0052535924,34902.1257659802,33993.1079345416,31775.0508059465,..
Adjusted net national income per capita (current US$),NY.ADJ.NNTY.PC.CD,French Polynesia,PYF,..,..,..,..,..,..,..,..,..,..,..,..
Adjusted net national income per capita (current US$),NY.ADJ.NNTY.PC.CD,Gabon,GAB,2857.31437725186,1738.90532002452,4926.62359967011,5204.53257166757,5977.27679303706,4938.1575096653,4692.00879334543,4576.68785342201,4888.46421535667,4594.54159988732,4332.96431549587,..
Adjusted net national income per capita (current US$),NY.ADJ.NNTY.PC.CD,"Gambia, The",GMB,252.094244946866,471.576403877035,529.128303114928,501.805767456261,439.073001135849,474.240840708389,489.034187723986,486.471837029676,564.88948691544,591.217943038622,596.690313589312,..
Adjusted net national income per capita (current US$),NY.ADJ.NNTY.PC.CD,Georgia,GEO,..,653.400638831571,3765.21169661404,3905.67420221494,4038.27054476861,3333.98116005364,3259.55297175993,3508.57992641639,3864.16494188054,3822.41521267494,3400.74289846445,..
Adjusted net national income per capita (current US$),NY.ADJ.NNTY.PC.CD,Germany,DEU,18934.1892023279,19474.1592624721,36928.4377730272,38948.1857070822,40292.655820702,34595.6328142932,35592.5607006471,37673.7593265238,40745.0471910391,39618.2771773138,38407.486136118,..
Adjusted net national income per capita (current US$),NY.ADJ.NNTY.PC.CD,Ghana,GHA,325.858709450593,191.401458074522,1157.08088495454,1861.87118204128,1502.32437864745,1380.64992380572,1541.67831293275,1581.30786281898,1745.21488617571,1776.25919616036,1762.9484427691,..
Adjusted net national income per capita (current US$),NY.ADJ.NNTY.PC.CD,Gibraltar,GIB,..,..,..,..,..,..,..,..,..,..,..,..
Adjusted net national income per capita (current US$),NY.ADJ.NNTY.PC.CD,Greece,GRC,..,..,18107.7230253551,17856.4735325203,18003.3570155667,14989.534587889,14884.96953082,15481.6336219798,16528.6453349622,16117.0245211947,14746.89726403,..
Adjusted net national income per capita (current US$),NY.ADJ.NNTY.PC.CD,Greenland,GRL,..,..,..,..,..,..,..,..,..,..,..,..
Adjusted net national income per capita (current US$),NY.ADJ.NNTY.PC.CD,Grenada,GRD,..,..,..,..,..,..,..,..,..,..,..,..
Adjusted net national income per capita (current US$),NY.ADJ.NNTY.PC.CD,Guam,GUM,..,..,..,..,..,..,..,..,..,..,..,..
Adjusted net national income per capita (current US$),NY.ADJ.NNTY.PC.CD,Guatemala,GTM,763.857696835897,1490.97121157201,2848.06962441065,2979.92931525239,3189.53300062536,3416.10899019291,3534.31233490168,3762.56774082702,3811.7202291559,3973.13278117006,3944.63675619648,..
Adjusted net national income per capita (current US$),NY.ADJ.NNTY.PC.CD,Guinea,GIN,346.174807730513,307.375495025626,579.795479397734,599.844613254913,617.614431748987,619.483951149465,574.948924192103,685.642347604925,765.166471031936,857.394807053282,919.834868320461,..
Adjusted net national income per capita (current US$),NY.ADJ.NNTY.PC.CD,Guinea-Bissau,GNB,180.566307618955,245.732765617391,475.270423762026,475.774741712316,490.890924485637,466.265678183429,521.982861637514,588.027433257519,663.179505565799,654.895552488733,629.065679944797,..
Adjusted net national income per capita (current US$),NY.ADJ.NNTY.PC.CD,Guyana,GUY,301.490906840521,764.8134905011,4571.16078094966,4758.44911172543,4799.76315579188,5061.02812883991,4906.89856785975,5312.0541576692,5580.18092263613,6148.63785889943,3835.69446157249,..
Adjusted net national income per capita (current US$),NY.ADJ.NNTY.PC.CD,Haiti,HTI,423.989207030775,793.969424142956,1272.08069674123,1360.48901455598,1367.90126312363,1329.52613893268,1217.71487316946,1287.51843750987,1399.77918191223,1237.67222089093,1195.34843705342,..
Adjusted net national income per capita (current US$),NY.ADJ.NNTY.PC.CD,Honduras,HND,841.321073871986,976.346526204995,1863.27669126501,1825.30615362304,1892.67494597502,2009.23876735671,2028.95242845435,2152.92878917588,2166.35725411037,2238.8408099022,2125.2734080945,..
Adjusted net national income per capita (current US$),NY.ADJ.NNTY.PC.CD,"Hong Kong SAR, China",HKG,..,..,..,..,..,..,..,..,..,..,..,..
Adjusted net national income per capita (current US$),NY.ADJ.NNTY.PC.CD,Hungary,HUN,..,3456.08659548636,9971.4103174864,10845.9628657682,11219.8205071967,9968.47717998974,10546.1338331895,11606.0885377003,13114.3328405399,13570.5748182326,12758.7793786536,..
Adjusted net national income per capita (current US$),NY.ADJ.NNTY.PC.CD,Iceland,ISL,..,..,32302.7226580526,39102.5561828987,43160.0618230468,42259.2687755997,49904.7516836146,58182.8771112405,58346.3984282195,57521.1544168425,48053.9645202926,..
Adjusted net national income per capita (current US$),NY.ADJ.NNTY.PC.CD,India,IND,320.974608905636,386.815690343801,1247.4519244017,1248.39742250856,1367.70527138187,1405.18004717729,1505.45415697682,1733.80164383952,1742.51539348042,1834.72440181025,1681.87871374046,..
Adjusted net national income per capita (current US$),NY.ADJ.NNTY.PC.CD,Indonesia,IDN,481.221348381336,634.473902135814,2770.35722120235,2727.9011276148,2626.13198243223,2560.1504047919,2819.65969662847,3036.07427940307,3079.53192116029,3292.37185487356,3078.71033924343,..
Adjusted net national income per capita (current US$),NY.ADJ.NNTY.PC.CD,"Iran, Islamic Rep.",IRN,1678.48781465038,1229.28717024509,6441.63048125533,4788.05702201969,4407.1078672181,3904.84619823665,4249.40976125745,4360.76664608008,2563.56328891307,2333.74640845775,1821.58138909582,..
Adjusted net national income per capita (current US$),NY.ADJ.NNTY.PC.CD,Iraq,IRQ,8037.14861945037,1658.46802410239,5324.5511478641,5546.32993557541,5105.78462149877,3707.94452274045,3621.89868779102,3866.55702190322,4420.61067184852,4553.57315705765,3222.07695528048,..
Adjusted net national income per capita (current US$),NY.ADJ.NNTY.PC.CD,Ireland,IRL,11508.337853382,19883.4534242061,32438.0757785627,35771.3196199849,38473.5944900316,34241.0617536485,36254.0178557347,38274.422617854,42179.3037476917,43085.8027618689,41458.7877185712,..
Adjusted net national income per capita (current US$),NY.ADJ.NNTY.PC.CD,Isle of Man,IMN,..,..,..,..,..,..,..,..,..,..,..,..
Adjusted net national income per capita (current US$),NY.ADJ.NNTY.PC.CD,Israel,ISR,..,16902.528223883,27381.3286138676,30895.2168248651,32559.6114755894,30811.0881731722,32061.7832904283,35233.4936246887,36396.1813842482,38005.3015241882,37547.0694837821,..
Adjusted net national income per capita (current US$),NY.ADJ.NNTY.PC.CD,Italy,ITA,17665.9630841316,17057.6754903419,28468.391947513,28970.3739824592,29034.7914117555,24452.2603126049,25499.9802234953,26826.6978305676,28814.1225942442,28026.5487426468,25988.4321703687,..
Adjusted net national income per capita (current US$),NY.ADJ.NNTY.PC.CD,Jamaica,JAM,1528.16168925919,2982.63681970605,4725.33256770983,4474.0459857768,4344.14081833318,4365.2352937921,4256.35580244178,4539.77748927709,4753.21932648756,4819.76422161147,4194.3008164703,..
Adjusted net national income per capita (current US$),NY.ADJ.NNTY.PC.CD,Japan,JPN,20627.1562545555,30029.2487563366,37914.5805420398,31911.8050923928,30076.3694647852,27544.2225560598,30784.7272498347,30557.9182811959,31069.8598702005,31690.0018162722,31197.2818209899,..
Adjusted net national income per capita (current US$),NY.ADJ.NNTY.PC.CD,Jordan,JOR,1005.35967478507,1504.54026797488,3576.03613267453,3728.14060630647,3802.07161887523,3828.81567975561,3825.50825880657,3960.82502881715,4045.02734582987,4164.64679152424,4063.45497562515,..
Adjusted net national income per capita (current US$),NY.ADJ.NNTY.PC.CD,Kazakhstan,KAZ,..,751.832920284345,7968.0373318628,9497.78495570821,8913.55041867947,8088.78579629735,5749.11114976322,6652.70485674065,6571.29731744433,6757.1680670821,6627.33064237762,..
Adjusted net national income per capita (current US$),NY.ADJ.NNTY.PC.CD,Kenya,KEN,286.158984350994,319.729129986066,941.965095243225,1001.31840989582,1061.2405383693,1090.26338612123,1277.22822759599,1328.32492512218,1478.42382663486,1564.27229468912,1541.15671371159,..
Adjusted net national income per capita (current US$),NY.ADJ.NNTY.PC.CD,Kiribati,KIR,616.912202668729,1220.30685385937,2548.91452533401,2664.82523380945,2942.76285116147,3041.63999747582,2692.63923077607,3007.36730528326,3027.39938882271,3058.46541051629,2797.9170503826,..
Adjusted net national income per capita (current US$),NY.ADJ.NNTY.PC.CD,"Korea, Dem. People's Rep.",PRK,..,..,..,..,..,..,..,..,..,..,..,..
Adjusted net national income per capita (current US$),NY.ADJ.NNTY.PC.CD,"Korea, Rep.",KOR,5603.0794823417,10062.0933268303,20856.6347793887,22229.320005101,23843.9342381141,23424.5073311553,24054.1360198523,25894.6751416629,27236.5691631092,25924.9418456418,25271.8952082924,..
Adjusted net national income per capita (current US$),NY.ADJ.NNTY.PC.CD,Kosovo,XKX,..,..,..,..,..,..,..,..,..,..,..,..
Adjusted net national income per capita (current US$),NY.ADJ.NNTY.PC.CD,Kuwait,KWT,11310.7595389792,18624.7966503726,44761.6078584542,43529.0334399393,40098.1972338204,27583.7759425673,25853.8205274786,28771.4658063333,31276.3304888147,30377.3855339467,..,..
Adjusted net national income per capita (current US$),NY.ADJ.NNTY.PC.CD,Kyrgyz Republic,KGZ,..,218.438673852687,990.333856470252,978.564934610812,980.378716476737,848.931491211872,886.09260629986,959.310767642219,1070.41184285443,1069.20479539048,792.261280566574,..
Adjusted net national income per capita (current US$),NY.ADJ.NNTY.PC.CD,Lao PDR,LAO,164.072973609542,247.759969990802,1165.48506973437,1375.26137762788,1536.19940952712,1655.5014270541,1801.0916982089,1861.0588677082,1959.9240840966,1986.20369523155,1940.74514717501,..
Adjusted net national income per capita (current US$),NY.ADJ.NNTY.PC.CD,Latvia,LVA,..,2394.03602880615,10313.0335016288,11303.5221775105,11932.0968892286,10452.4489425429,11017.9088223392,12140.5711320079,13750.7043992914,13820.5120434398,13733.596639531,..
Adjusted net national income per capita (current US$),NY.ADJ.NNTY.PC.CD,Lebanon,LBN,1062.77773496699,3960.68048758527,6421.5312715571,6412.97097792396,6200.24194040421,6204.19089804018,6225.53628601484,6443.40762706483,6550.12794107013,5996.4622185685,3586.58091300168,..
Adjusted net national income per capita (current US$),NY.ADJ.NNTY.PC.CD,Lesotho,LSO,522.198881648028,499.310066632068,1180.65219246963,1111.64351687529,1118.69741730643,1085.95825860085,959.499113511492,1041.82006299688,1157.31572948599,1067.63056124242,807.561388669494,..
Adjusted net national income per capita (current US$),NY.ADJ.NNTY.PC.CD,Liberia,LBR,..,178.061940418762,342.871346836371,389.093426439569,358.756079814511,389.962141920729,379.568447462582,359.191735655298,398.217380621941,355.047035124339,279.574990652823,..
Adjusted net national income per capita (current US$),NY.ADJ.NNTY.PC.CD,Libya,LBY,..,..,9414.94500816211,8406.18003749792,5696.28699226773,4032.21094633093,3736.8148659306,5113.4199084204,6690.05991556569,6542.28070633614,3524.81274614203,..
Adjusted net national income per capita (current US$),NY.ADJ.NNTY.PC.CD,Liechtenstein,LIE,..,..,..,..,..,..,..,..,..,..,..,..
Adjusted net national income per capita (current US$),NY.ADJ.NNTY.PC.CD,Lithuania,LTU,..,2715.50285523567,12012.2914291012,13290.7820937225,14166.0303775073,11838.5767545294,12464.1285865748,14096.2939156832,16191.077559759,16441.5703310181,17027.5342277053,..
Adjusted net national income per capita (current US$),NY.ADJ.NNTY.PC.CD,Luxembourg,LUX,29147.571035747,37680.495072198,73529.134789602,72382.9505300353,75729.9319275452,55705.3672375896,58417.838746147,65885.6751898259,69216.2184390164,61499.9008066116,67970.6671277357,..
Adjusted net national income per capita (current US$),NY.ADJ.NNTY.PC.CD,"Macao SAR, China",MAC,..,..,..,..,..,..,..,..,..,..,..,..
Adjusted net national income per capita (current US$),NY.ADJ.NNTY.PC.CD,Madagascar,MDG,295.465496967017,247.481956713364,396.077423895609,420.229570164249,417.763587522235,361.103041666942,367.753833497293,412.193561560033,435.605195932285,429.747802928262,388.212510344961,..
Adjusted net national income per capita (current US$),NY.ADJ.NNTY.PC.CD,Malawi,MWI,161.518439206597,122.614631899125,294.686740265822,268.130756138202,284.783803113039,299.84524020315,255.619606407415,425.858393284103,466.455366372498,516.620842333535,561.423171147031,..
Adjusted net national income per capita (current US$),NY.ADJ.NNTY.PC.CD,Malaysia,MYS,1413.21401695324,2499.75726744712,7668.17636970779,7801.43882421492,7945.3286389488,7079.3910930821,7042.6087934776,7220.78415594065,7796.23644773526,8047.00149975951,7464.62383146659,..
Adjusted net national income per capita (current US$),NY.ADJ.NNTY.PC.CD,Maldives,MDV,805.703556656913,1914.48696473822,5893.29634394093,6325.91580203661,6905.46138320713,7427.77755795601,7558.28014426767,7886.81662698077,8318.7254704249,8486.56294200849,5701.68460545157,..
Adjusted net national income per capita (current US$),NY.ADJ.NNTY.PC.CD,Mali,MLI,290.772155696241,241.082769497466,617.103472375718,659.580322111066,721.02553570101,640.526752686485,664.052463373026,710.873759461819,766.33754862666,785.429948881431,662.194949600594,..
Adjusted net national income per capita (current US$),NY.ADJ.NNTY.PC.CD,Malta,MLT,..,..,..,..,..,..,..,..,..,..,..,..
Adjusted net national income per capita (current US$),NY.ADJ.NNTY.PC.CD,Marshall Islands,MHL,..,..,..,..,..,..,..,..,..,..,..,..
Adjusted net national income per capita (current US$),NY.ADJ.NNTY.PC.CD,Mauritania,MRT,646.890623870952,634.928600948135,1467.67011416261,1573.2821793966,1387.97942656302,1314.2858272636,1337.8064585549,1381.64313024246,1509.77264386444,1567.71397472832,1405.69417978949,..
Adjusted net national income per capita (current US$),NY.ADJ.NNTY.PC.CD,Mauritius,MUS,2364.0527968643,3450.24278081985,8010.30670078877,8779.22668122191,9342.28119790568,8664.62591230036,9157.29896879474,10137.4887020772,11111.9629053278,11060.9767948608,8335.04511195032,..
Adjusted net national income per capita (current US$),NY.ADJ.NNTY.PC.CD,Mexico,MEX,2611.29156064996,5917.09724115341,7914.7872955061,8274.2027710534,8533.07989670603,7625.25304913493,6902.42987666786,7289.78596640226,7527.49119186852,7730.32263891298,6267.60835549676,..
Adjusted net national income per capita (current US$),NY.ADJ.NNTY.PC.CD,"Micronesia, Fed. Sts.",FSM,..,2064.14971370048,3045.75813828871,3015.42644587527,3004.35575741782,3250.18827030105,3297.19185228871,3507.05627977499,3417.08096590909,3741.29038493643,3689.76100016519,..
Adjusted net national income per capita (current US$),NY.ADJ.NNTY.PC.CD,Moldova,MDA,..,328.136527232014,3013.50815434254,3268.62775003393,3244.36899490716,2440.61625736895,2683.99133528658,3289.46652061334,3880.78637803364,4131.37238862368,4109.91053217045,..
Adjusted net national income per capita (current US$),NY.ADJ.NNTY.PC.CD,Monaco,MCO,..,..,..,..,..,..,..,..,..,..,..,..
Adjusted net national income per capita (current US$),NY.ADJ.NNTY.PC.CD,Mongolia,MNG,835.569531060065,414.863163146003,3319.29289432003,3483.95420474061,3177.43105617441,3032.91752725507,2847.83392521426,2556.69300543261,2998.2203094176,3181.23160172221,2794.13792304041,..
Adjusted net national income per capita (current US$),NY.ADJ.NNTY.PC.CD,Montenegro,MNE,..,..,6037.69571753832,6641.90841378156,6780.20617230344,6040.25659035713,6405.23989117841,7162.90713125409,8079.04510733221,8129.85910602095,6964.36216614679,..
Adjusted net national income per capita (current US$),NY.ADJ.NNTY.PC.CD,Morocco,MAR,1046.56518554688,1168.41577148438,2545.81884765625,2741.33422851563,2772.900390625,2513.51098632813,2524.322265625,2663.70556640625,2825.40795898438,2844.47998046875,2668.77197265625,..
Adjusted net national income per capita (current US$),NY.ADJ.NNTY.PC.CD,Mozambique,MOZ,..,253.953198198389,536.949506595691,537.934095209718,542.109712962608,465.202260735069,335.538034051828,350.797498845248,390.900341805564,384.310856702666,329.86263029134,..
Adjusted net national income per capita (current US$),NY.ADJ.NNTY.PC.CD,Myanmar,MMR,470.059553134245,7795.42710228992,2044.20210697526,1036.20919538173,1043.02121068654,1040.79814848406,994.811990431028,999.390793102484,1094.80248478457,1118.31858765022,1299.76599433551,..
Adjusted net national income per capita (current US$),NY.ADJ.NNTY.PC.CD,Namibia,NAM,1644.21916687778,1948.64210794374,4984.56107385853,4727.99267161136,4763.73543717719,4273.61688469615,3855.7380608674,4574.1674827886,4725.72805620226,4277.36914938481,3473.15692451069,..
Adjusted net national income per capita (current US$),NY.ADJ.NNTY.PC.CD,Nauru,NRU,..,..,..,..,..,..,..,..,..,..,..,..
Adjusted net national income per capita (current US$),NY.ADJ.NNTY.PC.CD,Nepal,NPL,188.728347547907,222.6297130303,769.568226650996,787.612343891611,815.803712349172,856.560123395,845.454882236021,993.388915343071,1109.42196446205,1123.08434685025,1085.56846721165,..
Adjusted net national income per capita (current US$),NY.ADJ.NNTY.PC.CD,Netherlands,NLD,17596.8848631342,22555.0034086814,41909.9726994308,43470.6748791033,43409.4072175952,37497.2188480432,37580.0469680125,40814.191757588,44714.2997084895,43978.4111432577,42295.6741105983,..
Adjusted net national income per capita (current US$),NY.ADJ.NNTY.PC.CD,New Caledonia,NCL,13148.116723913,9815.69197580078,..,..,..,..,..,..,..,..,..,..
Adjusted net national income per capita (current US$),NY.ADJ.NNTY.PC.CD,New Zealand,NZL,10976.6352333473,10755.1131503227,32304.1673283274,34983.4537718647,36289.161961696,31674.4044778062,33092.2127235315,35358.1519029417,35281.3941150063,35407.294344473,33692.1928411457,..
Adjusted net national income per capita (current US$),NY.ADJ.NNTY.PC.CD,Nicaragua,NIC,214.978788456032,879.606889300516,1505.88463409293,1536.66942572176,1675.14985998091,1777.21101279496,1806.79793844197,1846.56067502365,1727.6307392682,1685.12641427252,1619.73168306878,..
Adjusted net national income per capita (current US$),NY.ADJ.NNTY.PC.CD,Niger,NER,405.153270528762,198.295715832973,528.625429462503,550.142785831197,560.285760290625,492.809022929743,500.269640525958,515.683729039586,580.140713976771,555.967407097138,518.865983691414,..
Adjusted net national income per capita (current US$),NY.ADJ.NNTY.PC.CD,Nigeria,NGA,407.089601954803,409.866051571012,2141.97550645627,2366.59425237567,2554.35036563689,2299.91087320903,1884.27371605299,1660.26410186232,1645.43978717822,1834.16297527269,1730.38088021395,..
Adjusted net national income per capita (current US$),NY.ADJ.NNTY.PC.CD,North Macedonia,MKD,..,1493.32543736275,3664.16243418384,4124.45155889056,4362.33446563458,3838.22829005142,4105.68929162505,4300.79122603883,4965.76224932172,4911.65284822896,4844.31837207743,..
Adjusted net national income per capita (current US$),NY.ADJ.NNTY.PC.CD,Northern Mariana Islands,MNP,..,..,..,..,..,..,..,..,..,..,..,..
Adjusted net national income per capita (current US$),NY.ADJ.NNTY.PC.CD,Norway,NOR,20646.1293046071,28078.5853024527,78070.0011736404,80419.3539559924,77785.0795914999,61018.3041421329,58228.8458595718,61360.9936615117,65889.5961457222,60023.6055450592,53518.2336566301,..
Adjusted net national income per capita (current US$),NY.ADJ.NNTY.PC.CD,Oman,OMN,3219.91791002771,4479.77114366,10480.1815650004,10401.6011453448,10456.2537013425,10465.5334551422,9988.35287506723,9923.00349384024,10765.1430507161,9993.98591997736,..,..
Adjusted net national income per capita (current US$),NY.ADJ.NNTY.PC.CD,Pakistan,PAK,328.292461726942,504.413325046061,1095.15091363806,1111.57122165949,1148.97204993387,1256.60045560642,1266.01327548003,1361.67168840219,1368.33785324603,1187.63245917166,1100.08346102337,..
Adjusted net national income per capita (current US$),NY.ADJ.NNTY.PC.CD,Palau,PLW,..,..,..,..,..,..,..,..,..,..,..,..
Adjusted net national income per capita (current US$),NY.ADJ.NNTY.PC.CD,Panama,PAN,2291.83478716249,3550.76488293531,9430.77227045312,10488.9990658194,10993.7403093473,11956.6888161492,12419.8893604351,13236.69926005,13189.3083525742,13274.6488823579,10878.9163171693,..
Adjusted net national income per capita (current US$),NY.ADJ.NNTY.PC.CD,Papua New Guinea,PNG,500.88358724506,411.109534013158,2204.16634615397,2145.50173925593,2414.82883595057,2195.42434099035,2074.52676973696,2175.86126063903,2249.50861715176,2283.46949260829,2102.37434177856,..
Adjusted net national income per capita (current US$),NY.ADJ.NNTY.PC.CD,Paraguay,PRY,..,1240.41883062112,4371.2460153453,5118.06494136267,5357.9621803027,4758.73953054878,4687.30773849869,5077.8659507463,5168.14884958732,4806.49185856081,4445.82777780115,..
Adjusted net national income per capita (current US$),NY.ADJ.NNTY.PC.CD,Peru,PER,957.799160571042,1701.81766068741,5419.09167347583,5709.68227095962,5709.46746686947,5372.36724058448,5244.77175154294,5571.75722060142,5711.29095963912,5976.53764502024,5237.80197202183,..
Adjusted net national income per capita (current US$),NY.ADJ.NNTY.PC.CD,Philippines,PHL,737.860494411123,1084.47358097087,2698.2088203572,2897.6988508667,2978.7151106427,3045.63936617562,3123.55868217542,3176.67320469306,3283.59514925796,3483.27567984875,3186.68135107441,..
Adjusted net national income per capita (current US$),NY.ADJ.NNTY.PC.CD,Poland,POL,976.364116590418,3834.42909049355,11097.3433527491,11603.5153972393,12051.541451607,10635.381936046,10463.4998597712,11678.7895223009,13029.7105313399,13293.6569343594,13298.4793558259,..
Adjusted net national income per capita (current US$),NY.ADJ.NNTY.PC.CD,Portugal,PRT,6718.2746084479,9523.90392985431,16376.8478162871,17566.6843098526,17767.4164426671,15417.9212432888,16028.3540129769,17261.6331563158,18806.2376031013,18617.0623869913,17470.9706566356,..
Adjusted net national income per capita (current US$),NY.ADJ.NNTY.PC.CD,Puerto Rico,PRI,..,..,..,..,..,..,..,..,..,..,..,..
Adjusted net national income per capita (current US$),NY.ADJ.NNTY.PC.CD,Qatar,QAT,9607.89459870873,14986.4886989486,55098.2251085799,57220.4064146772,58799.5618090747,47784.0814309345,44756.231118465,46279.8658361003,49682.1707154161,47279.8881101498,37833.2974669045,..
Adjusted net national income per capita (current US$),NY.ADJ.NNTY.PC.CD,Romania,ROU,1196.02609017778,1284.5892818736,6675.62899356791,7531.14051541925,8041.59771327299,7206.43758942442,7674.24378118518,8734.62092842741,9946.61078352282,10845.7473520064,10733.4693148443,..
Adjusted net national income per capita (current US$),NY.ADJ.NNTY.PC.CD,Russian Federation,RUS,..,1277.65344238281,12129.7421875,12501.1328125,10993.1767578125,7424.55908203125,6892.8115234375,8396.7568359375,8697.0986328125,8755.513671875,8077.3017578125,..
Adjusted net national income per capita (current US$),NY.ADJ.NNTY.PC.CD,Rwanda,RWA,305.122197735922,220.830463713723,586.084794327177,581.323397281682,593.939042889292,608.58121502681,597.832053242018,609.884349835072,627.866969913516,660.651062038952,647.379917973838,..
Adjusted net national income per capita (current US$),NY.ADJ.NNTY.PC.CD,Samoa,WSM,455.361302726709,..,3478.25627085658,3486.40882587357,3369.57652689626,3552.27120045476,3577.67040197389,3686.56517777619,3633.34149127101,3722.10073417118,3495.28753591049,..
Adjusted net national income per capita (current US$),NY.ADJ.NNTY.PC.CD,San Marino,SMR,..,..,..,..,..,..,..,..,..,..,..,..
Adjusted net national income per capita (current US$),NY.ADJ.NNTY.PC.CD,Sao Tome and Principe,STP,..,..,1207.04481034428,937.649680334867,1258.38540415988,874.954246661887,1083.05736119791,1253.58546690747,1398.83998635278,1446.65377032104,1629.85202659232,..
Adjusted net national income per capita (current US$),NY.ADJ.NNTY.PC.CD,Saudi Arabia,SAU,5703.53705537328,7220.34239521793,19543.8805393507,19343.101227876,19439.393131257,16895.9415563738,16724.4888281432,17150.4444418195,18891.6295482889,19119.5834522106,17418.3465456452,..
Adjusted net national income per capita (current US$),NY.ADJ.NNTY.PC.CD,Senegal,SEN,932.197016703812,536.756928721558,1143.11382115641,1193.54868434294,1216.9535384776,1068.01477523331,1105.81148621997,1193.30550423837,1274.10036530097,1251.81313473523,1254.18584525855,..
Adjusted net national income per capita (current US$),NY.ADJ.NNTY.PC.CD,Serbia,SRB,..,..,4495.02068112343,4991.53281932829,4752.77172559412,4586.08083594642,4680.9992516635,5026.45118303205,5868.87069637631,5939.32386737094,6303.69701901371,..
Adjusted net national income per capita (current US$),NY.ADJ.NNTY.PC.CD,Seychelles,SYC,4647.01396981599,6279.96696700398,9898.87093303738,12273.6217189741,12007.5745137315,11999.7002751046,12030.3769658946,12739.5845288649,13579.7110435915,13531.3700384123,8556.60051593508,..
Adjusted net national income per capita (current US$),NY.ADJ.NNTY.PC.CD,Sierra Leone,SLE,102.436175317951,107.03293874889,510.682470213417,632.432373369658,612.641622606775,499.169746855405,367.042778631179,407.562229023532,435.416355942871,454.998824426385,434.500002193811,..
Adjusted net national income per capita (current US$),NY.ADJ.NNTY.PC.CD,Singapore,SGP,10055.356971736,20303.4494264611,45553.4813871675,45933.0540554256,47497.8262157286,43432.6852998427,44674.0426691501,47271.5681206817,48344.6823332286,46725.1294759474,42052.0780955104,..
Adjusted net national income per capita (current US$),NY.ADJ.NNTY.PC.CD,Sint Maarten (Dutch part),SXM,..,..,..,..,..,..,..,..,..,..,..,..
Adjusted net national income per capita (current US$),NY.ADJ.NNTY.PC.CD,Slovak Republic,SVK,..,3824.65594798023,14050.6500228661,14809.5658305244,15142.1507464314,13140.2313617332,13213.5277357029,14165.6027909823,15794.6790860126,15630.3084606997,15627.8995469173,..
Adjusted net national income per capita (current US$),NY.ADJ.NNTY.PC.CD,Slovenia,SVN,..,8155.15919403698,17480.418382828,18180.0264374964,18923.5589093978,15895.0846873636,16730.8945774469,18447.6487474763,20762.8740909613,20733.7248639499,20262.3739606615,..
Adjusted net national income per capita (current US$),NY.ADJ.NNTY.PC.CD,Solomon Islands,SLB,620.13217087944,908.969745435159,1765.97741994655,2011.10043425067,2015.06100541835,1923.29055117196,1948.54045118317,2053.36226278635,2145.9556165525,2094.58945001724,2067.32491068283,..
Adjusted net national income per capita (current US$),NY.ADJ.NNTY.PC.CD,Somalia,SOM,92.095751346454,..,..,213.951456825706,205.235998677252,198.880874704759,197.876231835938,214.337146779819,249.063430219097,251.248048780456,241.92707594352,..
Adjusted net national income per capita (current US$),NY.ADJ.NNTY.PC.CD,South Africa,ZAF,2429.04262161388,2819.80095363089,6717.43589509663,6061.04349972177,5721.96661700907,5190.80786826809,4705.76522423131,5495.55110317882,5742.95773916763,5423.65777320562,4550.76650656084,..
Adjusted net national income per capita (current US$),NY.ADJ.NNTY.PC.CD,South Sudan,SSD,..,..,1026.33589778881,1428.29137143977,877.319140090813,824.121190142611,..,..,..,..,..,..
Adjusted net national income per capita (current US$),NY.ADJ.NNTY.PC.CD,Spain,ESP,11974.0691164676,12756.4024568806,23496.4340045781,24345.7508460148,24547.7269557837,21573.9826553792,22566.8746418934,23801.7380891939,25706.3618907865,25204.2878603781,22549.0478210621,..
Adjusted net national income per capita (current US$),NY.ADJ.NNTY.PC.CD,Sri Lanka,LKA,439.980470708111,799.356424881851,3070.74663402693,3273.25722613554,3449.80267590721,3476.39484978541,3511.29557138141,3669.09158739041,3656.20673742501,3460.53295418062,3314.93225055888,..
Adjusted net national income per capita (current US$),NY.ADJ.NNTY.PC.CD,St. Kitts and Nevis,KNA,..,..,..,..,..,..,..,..,..,..,..,..
Adjusted net national income per capita (current US$),NY.ADJ.NNTY.PC.CD,St. Lucia,LCA,3571.24743694709,5038.37638847241,7353.35741053132,7143.46074758458,7616.07788813675,7307.5012141952,7787.67747239318,8250.67005609129,8785.52971576227,8960.85779151509,6807.20365519607,..
Adjusted net national income per capita (current US$),NY.ADJ.NNTY.PC.CD,St. Martin (French part),MAF,..,..,..,..,..,..,..,..,..,..,..,..
Adjusted net national income per capita (current US$),NY.ADJ.NNTY.PC.CD,St. Vincent and the Grenadines,VCT,2053.23335411065,3371.46409121694,5126.57352330889,5341.3610251878,5169.56314068413,5615.98020799927,5796.26736824797,5915.72123176661,6062.06333363579,6093.51405604333,6023.59685255122,..
Adjusted net national income per capita (current US$),NY.ADJ.NNTY.PC.CD,Sudan,SDN,..,..,880.814331054688,961.358093261719,1162.26232910156,1183.45788574219,950.374877929688,879.123046875,616.484558105469,520.166198730469,342.765106201172,..
Adjusted net national income per capita (current US$),NY.ADJ.NNTY.PC.CD,Suriname,SUR,771.036283624858,1508.24726506761,5563.07933346513,6409.7059172841,7083.23844432636,7559.87809763635,4119.43712237755,3756.34749106487,4852.54007468919,4869.59094404013,3105.85475782174,..
Adjusted net national income per capita (current US$),NY.ADJ.NNTY.PC.CD,Sweden,SWE,25599.2784064654,25022.2354121213,49436.0238393827,52091.6934633518,51082.3412688181,43360.744453672,43645.700908538,45606.857553289,46249.6415308808,44518.4386208351,44429.6688965853,..
Adjusted net national income per capita (current US$),NY.ADJ.NNTY.PC.CD,Switzerland,CHE,..,33239.3778056165,69239.667914698,70277.6219486717,69889.4286468989,67178.6280202009,64490.4099177652,63879.5812509465,63798.3333742448,63274.9018107864,63798.5420354236,..
Adjusted net national income per capita (current US$),NY.ADJ.NNTY.PC.CD,Syrian Arab Republic,SYR,..,4008.32449415926,1686.98245954117,836.633472714359,966.291446647858,787.891102781394,628.665533732744,848.168036009588,1147.82701886839,..,..,..
Adjusted net national income per capita (current US$),NY.ADJ.NNTY.PC.CD,Tajikistan,TJK,..,..,1052.0851349577,1142.46266214148,1193.77260740197,1048.25882222408,858.883313181914,916.188359137729,897.389001265487,903.978029021063,847.693801046422,..
Adjusted net national income per capita (current US$),NY.ADJ.NNTY.PC.CD,Tanzania,TZA,128.096176147461,341.027160644531,628.613708496094,746.272766113281,822.581237792969,781.697998046875,803.897766113281,849.976623535156,909.954772949219,979.371154785156,930.725463867188,..
Adjusted net national income per capita (current US$),NY.ADJ.NNTY.PC.CD,Thailand,THA,1304.14343484364,1582.14177486666,4519.7261057773,4646.00828718154,4523.75312301154,4463.39441013914,4629.4609470462,5107.6569094237,5587.04648673295,6082.53452132773,5716.33417993341,..
Adjusted net national income per capita (current US$),NY.ADJ.NNTY.PC.CD,Timor-Leste,TLS,..,..,..,..,..,1315.73007972956,1248.2684580932,1254.76569663626,926.67442181431,1414.40856223707,1627.67872989483,..
Adjusted net national income per capita (current US$),NY.ADJ.NNTY.PC.CD,Togo,TGO,377.287504206067,267.646493810624,423.395588330167,496.209696981374,530.540990700893,497.599261084215,698.273437699735,723.260032245343,809.59856612197,813.500117972983,798.793342511062,..
Adjusted net national income per capita (current US$),NY.ADJ.NNTY.PC.CD,Tonga,TON,1141.27633613481,1940.54837590086,4310.07631210092,4153.56497130729,4009.97792581887,3998.80928755706,3817.36748959394,4290.11195858905,4618.26180486245,4878.60895528101,4585.74983206714,..
Adjusted net national income per capita (current US$),NY.ADJ.NNTY.PC.CD,Trinidad and Tobago,TTO,2706.52949216335,4497.46243368038,11823.1963676761,13636.618827694,15084.3733965972,15076.6383620904,13277.0697238529,13308.671589382,13188.5589790487,13555.8567968177,13033.3099676954,..
Adjusted net national income per capita (current US$),NY.ADJ.NNTY.PC.CD,Tunisia,TUN,1238.7004976276,1706.77871320421,3270.0306896114,3441.08239707863,3752.98455825826,3573.36092081262,3552.7429280865,3406.67435289368,3456.05693216107,3333.12782750439,3357.41454711541,..
Adjusted net national income per capita (current US$),NY.ADJ.NNTY.PC.CD,Turkiye,TUR,2320.02821569727,3586.32664579344,9965.03116647555,10694.700620427,10266.8338330101,9262.77138987401,9135.90727488801,8835.44572234799,7991.24703409967,7578.84428246198,7135.48325119603,..
Adjusted net national income per capita (current US$),NY.ADJ.NNTY.PC.CD,Turkmenistan,TKM,..,239.585769048176,..,..,..,..,..,..,4944.53675689663,..,..,..
Adjusted net national income per capita (current US$),NY.ADJ.NNTY.PC.CD,Turks and Caicos Islands,TCA,..,..,..,..,21794.6905657177,23938.9643958976,25832.9230264238,24622.8041814851,25964.371996708,27491.2289888464,..,..
Adjusted net national income per capita (current US$),NY.ADJ.NNTY.PC.CD,Tuvalu,TUV,..,..,..,..,..,..,..,..,..,..,..,..
Adjusted net national income per capita (current US$),NY.ADJ.NNTY.PC.CD,Uganda,UGA,183.9879753803,208.497541179321,561.363708704321,586.644689062766,655.89261675146,643.55035534313,554.866554215393,573.2804477262,630.952744260624,662.079815653125,698.498065193153,..
Adjusted net national income per capita (current US$),NY.ADJ.NNTY.PC.CD,Ukraine,UKR,..,491.494934082031,3404.005859375,3526.07690429688,2648.7626953125,1934.4189453125,1910.59680175781,2351.39208984375,2727.71557617188,3238.33203125,3286.5908203125,..
Adjusted net national income per capita (current US$),NY.ADJ.NNTY.PC.CD,United Arab Emirates,ARE,..,30318.432886087,36065.9044512786,37965.1546851741,39330.6752569029,35658.3945236997,35477.0737022586,37703.4081477729,40079.0533369135,38892.4813259798,33375.7987543476,..
Adjusted net national income per capita (current US$),NY.ADJ.NNTY.PC.CD,United Kingdom,GBR,16425.1467302045,24417.3648284059,35572.8783646963,36224.2719369661,39596.1146769113,37640.3918661186,34246.9965635494,34060.5338036493,36247.1792201377,..,..,..
Adjusted net national income per capita (current US$),NY.ADJ.NNTY.PC.CD,United States,USA,19857.9457822396,31226.696599215,44826.3820698397,45750.8144807732,47520.8846043135,49198.8822537742,49493.6488644759,51488.3440969604,53665.6977478939,55401.5856116545,53302.9937640022,..
Adjusted net national income per capita (current US$),NY.ADJ.NNTY.PC.CD,Uruguay,URY,2549.84727929462,6114.94776388711,12030.2754533549,13745.6497187143,13392.3884533732,12672.8708243491,13457.3976114872,14863.3332799867,14745.0634768315,14131.6584102,12226.0615183634,..
Adjusted net national income per capita (current US$),NY.ADJ.NNTY.PC.CD,Uzbekistan,UZB,..,427.579268490572,1791.80170951653,1940.60152364829,2185.46900450944,2372.92684407439,2319.14820129428,1610.1344300155,1264.71275423973,1469.90725230678,1349.90454851521,..
Adjusted net national income per capita (current US$),NY.ADJ.NNTY.PC.CD,Vanuatu,VUT,1037.01176871909,1263.48911139465,2550.24949399812,2647.31897582967,2706.07227308555,2499.92623410345,2612.04486824803,2796.85743207507,2929.87101734005,3080.87847886835,2873.51456942862,..
Adjusted net national income per capita (current US$),NY.ADJ.NNTY.PC.CD,"Venezuela, RB",VEN,1734.3544546805,3655.2727671349,9713.62284856622,9093.03185657079,11809.7499871268,..,..,..,..,..,..,..
Adjusted net national income per capita (current US$),NY.ADJ.NNTY.PC.CD,Vietnam,VNM,81.1162358889556,339.004638582074,1342.95560654234,1478.74562658502,1599.54030934259,1646.57752172214,1725.75020609419,1856.2241696391,2026.25000603113,2147.99369717278,2235.49586703969,..
Adjusted net national income per capita (current US$),NY.ADJ.NNTY.PC.CD,Virgin Islands (U.S.),VIR,..,..,..,..,..,..,..,..,..,..,..,..
Adjusted net national income per capita (current US$),NY.ADJ.NNTY.PC.CD,West Bank and Gaza,PSE,..,..,..,..,..,..,..,..,..,..,..,..
Adjusted net national income per capita (current US$),NY.ADJ.NNTY.PC.CD,"Yemen, Rep.",YEM,390.777547404621,328.449461777713,1183.33640063717,1367.95032367932,1422.34852239945,1470.30624826189,1095.76597059578,916.478290439982,720.033273116516,..,..,..
Adjusted net national income per capita (current US$),NY.ADJ.NNTY.PC.CD,Zambia,ZMB,252.088847258422,248.465285232963,1375.02913900362,1443.0661175512,1409.75920910106,1079.38791022566,1017.5116505084,1174.82262551734,1177.98161034697,1022.89710662888,730.528293257447,..
Adjusted net national income per capita (current US$),NY.ADJ.NNTY.PC.CD,Zimbabwe,ZWE,777.672731197559,469.301725155162,1097.96693884301,1246.40665605124,1231.3503416206,1250.12287687223,1257.98822523021,1050.110352901,1063.10685394339,1129.359222471,939.922533428308,..
Adjusted net national income per capita (current US$),NY.ADJ.NNTY.PC.CD,Africa Eastern and Southern,AFE,521.514394312155,580.607760925929,1320.73752739167,1308.94767426632,1323.57751617678,1240.88528504471,1165.03554378595,1272.33307755282,1277.65360332364,1251.0339133295,1091.73366483784,..
Adjusted net national income per capita (current US$),NY.ADJ.NNTY.PC.CD,Africa Western and Central,AFW,445.181745956742,369.037802448478,1472.44046469079,1661.20569650086,1748.67808710596,1592.364184436,1413.88816715373,1326.3494179495,1370.92307194215,1448.56612112358,1388.98250195471,..
Adjusted net national income per capita (current US$),NY.ADJ.NNTY.PC.CD,Arab World,ARB,1676.90729784897,2316.48334591837,5796.47289192313,5874.07640339911,5908.38811839695,5243.22717772783,5116.08302152595,5060.82800364276,5381.70781181026,5413.30905025388,4855.56774735833,..
Adjusted net national income per capita (current US$),NY.ADJ.NNTY.PC.CD,Caribbean small states,CSS,2326.52641567544,4331.59552593292,7780.00679760979,8079.93246238516,8444.34133396898,8575.94297649409,7914.43496326224,8134.4679198435,8361.6784460942,8629.67670867611,7239.50594828751,..
Adjusted net national income per capita (current US$),NY.ADJ.NNTY.PC.CD,Central Europe and the Baltics,CEB,..,3168.611294589,10428.1203045917,11052.5389860162,11429.7939443735,10095.4032702161,10340.4773612763,11550.2150971698,13013.3621776674,13374.2201325734,13249.0834041785,..
Adjusted net national income per capita (current US$),NY.ADJ.NNTY.PC.CD,Early-demographic dividend,EAR,757.844388940932,1280.42178972461,2785.0270831727,2775.60989345726,2849.5656252956,2736.79995821426,2767.73472477748,2943.09913813371,2903.43826529075,2963.23685632692,2716.12456638476,..
Adjusted net national income per capita (current US$),NY.ADJ.NNTY.PC.CD,East Asia & Pacific,EAS,2102.57765017533,3324.07874329787,7335.56546587889,7300.08640012747,7496.73311041241,7393.76843770852,7642.06871326457,8111.45937503355,8644.1040167571,8786.9653724151,8616.57682952949,..
Adjusted net national income per capita (current US$),NY.ADJ.NNTY.PC.CD,East Asia & Pacific (excluding high income),EAP,357.770336662959,986.573595479654,4139.56202509246,4450.17234688055,4799.85395919922,4939.55377562745,5051.79031524214,5487.17189769775,5976.00902405633,6151.30607843307,6079.10168780056,..
Adjusted net national income per capita (current US$),NY.ADJ.NNTY.PC.CD,East Asia & Pacific (IDA & IBRD countries),TEA,361.903290866179,997.953643999754,4186.40903321641,4500.35070297942,4853.79350369463,4994.89676092531,5108.22482466924,5548.2766865301,6042.41551717889,6219.56825423894,6146.52361577555,..
Adjusted net national income per capita (current US$),NY.ADJ.NNTY.PC.CD,Euro area,EMU,16137.7401589209,17060.6731116601,31116.1020012297,32415.2416626526,32991.7563598697,28290.5217847389,29069.1365366974,30722.7564296797,33189.3739734207,32417.5909604259,30691.3877146985,..
Adjusted net national income per capita (current US$),NY.ADJ.NNTY.PC.CD,Europe & Central Asia,ECS,8602.15016817729,9817.08761863091,20615.14710283,21462.6084764296,21644.5700863516,18597.3543540393,18469.4289039037,19488.2242549265,20754.1143729064,20386.0091047469,19395.1995447716,..
Adjusted net national income per capita (current US$),NY.ADJ.NNTY.PC.CD,Europe & Central Asia (excluding high income),ECA,..,1407.22771675209,8179.11564544069,8613.04666470303,7921.59757296115,6115.32091649687,5733.97635809079,6330.65334756158,6339.83151144425,6376.88841132804,5987.24609281974,..
Adjusted net national income per capita (current US$),NY.ADJ.NNTY.PC.CD,Europe & Central Asia (IDA & IBRD countries),TEC,..,1644.3286390723,8383.09884624056,8842.51743946686,8307.066886812,6580.29492672789,6256.52083208557,6925.92852309052,7107.47720009212,7196.24429545326,6844.2060929813,..
Adjusted net national income per capita (current US$),NY.ADJ.NNTY.PC.CD,European Union,EUU,13095.5638481829,14254.330309423,27413.2821682223,28636.7397839277,29172.1304742085,25090.9737718656,25770.3678286938,27368.0617792318,29614.3929705886,29059.5305447461,27737.0186891873,..
Adjusted net national income per capita (current US$),NY.ADJ.NNTY.PC.CD,Fragile and conflict affected situations,FCS,412.622183365721,1271.0807058732,1819.68988342124,1790.64192307867,1918.45120184987,1570.16410999159,1395.74910846915,1369.43352214272,1433.49474845767,1501.73833652857,1329.29717874593,..
Adjusted net national income per capita (current US$),NY.ADJ.NNTY.PC.CD,Heavily indebted poor countries (HIPC),HPC,311.488575173638,302.570391474912,671.896504379638,744.645309345661,776.133768331315,754.141711149657,744.783978449486,775.613102611993,816.903771007994,829.84079362577,791.793138305923,..
Adjusted net national income per capita (current US$),NY.ADJ.NNTY.PC.CD,High income,HIC,15452.204590635,20977.4833867442,34396.9720084911,34645.5895512555,35256.1240878222,33206.2318854041,33574.7041677029,35015.9011266181,36860.3860296577,37069.3810447756,35489.4967748202,..
Adjusted net national income per capita (current US$),NY.ADJ.NNTY.PC.CD,IBRD only,IBD,711.978253712329,1209.47116277166,4420.18045390507,4602.69120251917,4734.15008987786,4421.40128246633,4427.68132654611,4835.0669561316,4995.3939448719,5078.2082147384,4763.95750945554,..
Adjusted net national income per capita (current US$),NY.ADJ.NNTY.PC.CD,IDA & IBRD total,IBT,643.184483184344,1107.72397786992,3611.387028215,3751.29980670397,3858.06289606715,3611.55201752011,3597.17683222053,3894.31785302016,4013.35546158221,4075.4366647909,3822.36341553798,..
Adjusted net national income per capita (current US$),NY.ADJ.NNTY.PC.CD,IDA blend,IDB,411.71911526682,452.199607606547,1524.24759848573,1638.85208623534,1751.62073404641,1700.95745951214,1569.27953916489,1483.80576750113,1480.11154967736,1497.34068032779,1409.7427497814,..
Adjusted net national income per capita (current US$),NY.ADJ.NNTY.PC.CD,IDA only,IDX,299.116823456601,878.913961079441,815.62790964844,812.799670736061,850.003042060589,857.887983792834,857.446049209411,904.742024333691,961.820113192886,1020.81097344301,1013.88335632659,..
Adjusted net national income per capita (current US$),NY.ADJ.NNTY.PC.CD,IDA total,IDA,340.964612115402,731.908565573316,1052.67631414642,1089.68338757528,1152.56486393473,1140.95717316746,1096.16428860523,1098.33600175885,1134.63064642099,1178.69310305357,1143.78966332817,..
Adjusted net national income per capita (current US$),NY.ADJ.NNTY.PC.CD,Late-demographic dividend,LTE,742.103112322293,1338.48336777868,6199.58874085174,6612.68767947743,6855.4110092411,6354.16379050797,6358.05556864951,7009.19505881785,7480.54585988284,7590.60717575152,7254.10026349324,..
Adjusted net national income per capita (current US$),NY.ADJ.NNTY.PC.CD,Latin America & Caribbean,LCN,2051.67276360368,3613.28552418004,8285.98823594462,8467.5105780231,8558.11820058416,7214.06996866991,6955.38103791337,7637.57241423187,7270.31070676428,7119.7395502642,5814.02851731763,..
Adjusted net national income per capita (current US$),NY.ADJ.NNTY.PC.CD,Latin America & Caribbean (excluding high income),LAC,2043.34414782514,3530.62683186352,7962.95020060158,8158.52699520927,8122.66462524565,6920.73389395828,6645.10793655594,7305.59819840642,6900.15421813363,6759.43264747286,5481.18470573308,..
Adjusted net national income per capita (current US$),NY.ADJ.NNTY.PC.CD,Latin America & the Caribbean (IDA & IBRD countries),TLA,2022.31510255943,3599.13757967221,8257.75328017475,8434.2246556912,8518.56498512276,7144.53195929272,6875.20911855565,7556.02103723278,7177.92409624168,7025.93394862547,5738.20390791597,..
Adjusted net national income per capita (current US$),NY.ADJ.NNTY.PC.CD,Least developed countries: UN classification,LDC,250.079648923558,816.687428088874,805.458118409974,807.222942086656,861.926669854987,857.182869640322,840.83848948739,889.790252435855,908.382538099053,959.166446183064,939.093834919709,..
Adjusted net national income per capita (current US$),NY.ADJ.NNTY.PC.CD,Low & middle income,LMY,626.11333956215,1054.29830920517,3471.27979735863,3608.09794808269,3701.40974446096,3491.78747099326,3478.07286857341,3762.75448892283,3869.28896956074,3930.54140027375,3684.11100889167,..
Adjusted net national income per capita (current US$),NY.ADJ.NNTY.PC.CD,Low income,LIC,..,416.57861911525,580.546847857021,585.101051531116,613.561573735285,592.030563246284,549.129549692708,570.625674168416,591.110173741327,610.506417264097,577.635863600372,..
Adjusted net national income per capita (current US$),NY.ADJ.NNTY.PC.CD,Lower middle income,LMC,414.781168436623,671.231442013624,1762.70074841845,1756.34278720721,1817.56836809001,1800.18407297816,1858.81980257157,1960.14373522718,1944.31749354562,2036.05000983557,1918.84395457528,..
Adjusted net national income per capita (current US$),NY.ADJ.NNTY.PC.CD,Middle East & North Africa,MEA,..,2624.38233039742,7028.86152484481,6853.28121727726,6835.95121348264,6093.82742677496,6091.03059450699,6134.63545774357,6156.84884642441,6193.3819475481,5595.542740148,..
Adjusted net national income per capita (current US$),NY.ADJ.NNTY.PC.CD,Middle East & North Africa (excluding high income),MNA,..,1472.94174812893,3979.04848773483,3624.00447478346,3521.13300467349,3202.32296697855,3221.07538135042,3050.63812346839,2767.4504278833,2820.86921868358,2547.24393732233,..
Adjusted net national income per capita (current US$),NY.ADJ.NNTY.PC.CD,Middle East & North Africa (IDA & IBRD countries),TMN,..,1472.48743959022,3982.13961632514,3627.07177418753,3524.34376354835,3205.44477467265,3224.41697096307,3053.91354394361,2770.70710423597,2824.47239977151,2550.74181522117,..
Adjusted net national income per capita (current US$),NY.ADJ.NNTY.PC.CD,Middle income,MIC,650.004501635139,1113.80055256057,3773.62627299567,3928.50231736535,4033.26679088408,3807.92020705547,3801.74896684663,4120.55792612607,4242.46227308319,4314.88996878455,4050.02973276712,..
Adjusted net national income per capita (current US$),NY.ADJ.NNTY.PC.CD,North America,NAC,19581.1804679411,30054.7034975719,44660.4378034056,45489.5639476209,46945.539647537,47810.1179182478,47977.4902361147,50028.8480414125,52041.1641982794,53605.9142477909,51407.4256339464,..
Adjusted net national income per capita (current US$),NY.ADJ.NNTY.PC.CD,Not classified,INX,..,..,..,..,..,..,..,..,..,..,..,..
Adjusted net national income per capita (current US$),NY.ADJ.NNTY.PC.CD,OECD members,OED,14120.9090191342,19162.8090858771,30841.3746469781,31079.9436099875,31571.1024803145,29704.3253147303,29921.5955938152,31118.6371778451,32589.629166401,32730.1353082274,31255.6345063134,..
Adjusted net national income per capita (current US$),NY.ADJ.NNTY.PC.CD,Other small states,OSS,2016.62709696028,2757.62542816849,10344.4666639308,10904.0349274169,11379.6742387492,9906.04584013783,9782.63637682656,10352.9014242669,10955.3102332984,10617.8988911837,9024.98805342381,..
Adjusted net national income per capita (current US$),NY.ADJ.NNTY.PC.CD,Pacific island small states,PSS,1256.66408324722,1577.74755377329,3169.37972020847,3378.13022021793,3542.31813656909,3405.26124780538,3504.11178491661,3686.88574454273,3829.77970110806,3777.32274435445,3371.7672008525,..
Adjusted net national income per capita (current US$),NY.ADJ.NNTY.PC.CD,Post-demographic dividend,PST,15876.4373955347,21581.8422101443,35189.0002348779,35382.4031619383,35978.478263316,34015.1691851269,34430.8528100169,35882.0983165922,37732.7131363592,37999.0958545026,36488.3355589855,..
Adjusted net national income per capita (current US$),NY.ADJ.NNTY.PC.CD,Pre-demographic dividend,PRE,302.877874788221,372.835462029826,1251.19174103107,1362.87540213801,1424.80248860973,1275.08152237703,1153.67413282989,1140.96333176398,1161.8870649085,1202.22417612984,1069.70059855453,..
Adjusted net national income per capita (current US$),NY.ADJ.NNTY.PC.CD,Small states,SST,2041.20750452154,3047.68581982834,9400.15111303292,9895.94953864155,10339.2150976279,9255.14944259257,9050.31946058233,9538.29139451016,10051.0035471458,9844.64864002503,8363.62155169083,..
Adjusted net national income per capita (current US$),NY.ADJ.NNTY.PC.CD,South Asia,SAS,317.275642418589,400.310813200047,1201.07466539623,1214.26819948623,1320.72627211352,1372.4194449053,1460.17917812386,1657.52797486808,1677.52849743008,1747.7005124908,1629.88673743702,..
Adjusted net national income per capita (current US$),NY.ADJ.NNTY.PC.CD,South Asia (IDA & IBRD),TSA,317.275642418589,400.310813200047,1201.07466539623,1214.26819948623,1320.72627211352,1372.4194449053,1460.17917812386,1657.52797486808,1677.52849743008,1747.7005124908,1629.88673743702,..
Adjusted net national income per capita (current US$),NY.ADJ.NNTY.PC.CD,Sub-Saharan Africa,SSF,489.805227330566,491.023697820883,1381.665890163,1451.0446212014,1495.08770996363,1382.6773885296,1265.18774957466,1293.1873638605,1314.47406553991,1330.30535995472,1211.75048187854,..
Adjusted net national income per capita (current US$),NY.ADJ.NNTY.PC.CD,Sub-Saharan Africa (excluding high income),SSA,489.227430272096,490.298509999092,1380.84674715265,1450.01217414875,1494.09645310275,1381.68085991429,1264.19018887311,1292.14170440428,1313.37215144533,1329.22831143677,1211.11564909517,..
Adjusted net national income per capita (current US$),NY.ADJ.NNTY.PC.CD,Sub-Saharan Africa (IDA & IBRD countries),TSS,489.805227330566,491.023697820883,1381.665890163,1451.0446212014,1495.08770996363,1382.6773885296,1265.18774957466,1293.1873638605,1314.47406553991,1330.30535995472,1211.75048187854,..
Adjusted net national income per capita (current US$),NY.ADJ.NNTY.PC.CD,Upper middle income,UMC,893.932626843793,1615.85005554649,6300.3105097511,6676.09811821018,6854.84941309428,6382.50389313906,6310.39145985924,6928.42417430933,7251.40851262668,7322.07161457906,6887.03389460834,..
Adjusted net national income per capita (current US$),NY.ADJ.NNTY.PC.CD,World,WLD,3503.95846473241,4635.95506188368,8686.69651334422,8807.5812264644,8966.74137168746,8403.45307830813,8423.4793665885,8867.11623950304,9223.11524563288,9276.14196009075,8783.79969471888,..
,,,,,,,,,,,,,,,
,,,,,,,,,,,,,,,
,,,,,,,,,,,,,,,
Data from database: World Development Indicators,,,,,,,,,,,,,,,
Last Updated: 06/30/2022,,,,,,,,,,,,,,,
